bowler_id,bowler,comp_1,sim_1,comp_2,sim_2,comp_3,sim_3
012829ff,JW Hastings,DW Steyn,89.1,IK Pathan,86.8,SR Watson,84.0
0164b064,MG Neser,R Shepherd,60.6,A Mithun,56.4,S Dube,54.6
025c4400,MJ Suthar,Shahbaz Ahmed,52.1,R Shepherd,42.8,Abhishek Sharma,37.5
0264c10e,D Salunkhe,KA Pollard,83.0,C de Grandhomme,82.8,R Parag,82.0
030f3089,K Yadav,R Ashwin,74.2,JD Unadkat,70.8,NT Ellis,65.4
034b4b7d,VRV Singh,M Theekshana,74.6,S Kaul,72.5,AN Ahmed,72.1
03806cf8,JR Hazlewood,CR Woakes,97.1,M Prasidh Krishna,93.9,Harshit Rana,93.2
03a83c50,V Viyaskanth,JR Hopes,85.5,Washington Sundar,81.6,R Parag,66.1
04a418e8,R Parag,AM Nayar,83.8,C de Grandhomme,79.9,KA Pollard,78.0
05c2ca46,RE van der Merwe,SK Trivedi,93.9,R Sharma,92.5,SK Warne,92.5
0604ef16,SB Bangar,JR Hopes,68.2,AS Joseph,64.9,Lalit Yadav,63.5
08548b13,PHKD Mendis,Yuvraj Singh,85.8,YK Pathan,85.0,N Rana,84.8
0994d0ae,V Shankar,MC Henriques,83.8,KA Pollard,74.1,C Green,73.2
0a3d54b9,VR Aaron,Mujeeb Ur Rahman,77.6,Kartik Tyagi,69.7,HH Pandya,69.1
0a476045,S Dhawan,MC Henriques,85.1,BJ Hodge,78.7,STR Binny,75.6
0a4ebc61,T Henderson,J Yadav,85.5,B Lee,78.0,M Kartik,71.2
0a67aec0,Akash Deep,Kartik Tyagi,89.0,AS Rajpoot,82.4,A Mithun,78.5
0a8fce53,Mustafizur Rahman,M Prasidh Krishna,96.7,LH Ferguson,94.7,P Awana,92.9
0af3426f,SS Mundhe,DL Chahar,68.4,SW Tait,66.5,S Sreesanth,66.2
0b60eb09,KA Maharaj,P Negi,89.4,MJ Santner,84.9,A Mishra,84.3
0bf15e52,Harmeet Singh,Mohsin Khan,92.0,RP Meredith,88.2,DS Kulkarni,86.8
0c2730df,A Kumble,Harbhajan Singh,98.0,SK Warne,97.3,M Muralitharan,96.8
0c432afb,P Parameswaran,MG Johnson,78.2,Navdeep Saini,76.5,A Nortje,75.0
0c9652b0,HR Shokeen,Shahbaz Ahmed,67.0,DJ Hooda,65.6,CJ Anderson,53.8
0d232ffd,MA Khote,D Wiese,78.7,MM Sharma,68.6,KV Sharma,61.7
0dc00542,Shahid Afridi,Harpreet Brar,94.0,MM Ali,91.5,SB Jakati,88.0
0f12f9df,NLTC Perera,S Kaul,82.2,JO Holder,75.1,JP Faulkner,69.8
0f721006,JO Holder,AJ Tye,90.7,Naveen-ul-Haq,87.3,JP Faulkner,83.8
107c26fb,KT Maphaka,Arshad Khan,82.7,R Shepherd,78.6,Kartik Tyagi,67.3
10a91f35,Shoaib Akhtar,JA Morkel,73.8,DE Bollinger,73.5,TG Southee,69.8
11614d87,D Pretorius,C Sakariya,78.3,Vijaykumar Vyshak,74.5,TU Deshpande,72.7
119678fd,KV Sharma,R Sai Kishore,66.6,M Markande,65.0,S Gopal,60.7
12314277,Arshad Khan,Kartik Tyagi,75.4,R Shepherd,64.3,BB Sran,62.8
12314277,Arshad Khan (2),DJ Hooda,46.2,R Shepherd,45.2,Shahbaz Ahmed,44.4
12b610c2,TM Head,R Shepherd,79.3,CJ Anderson,77.8,S Dube,77.7
12eddf28,RJ Harris,A Nehra,97.9,AB Dinda,97.6,M Morkel,97.3
13c35c9e,TG Southee,R Vinay Kumar,90.5,Naveen-ul-Haq,88.8,A Singh,88.6
13fc5c6d,DS Rathi,R Ashwin,88.0,JD Unadkat,87.2,NT Ellis,87.1
14f96089,A Zampa,NT Ellis,88.1,Avesh Khan,85.3,L Ngidi,81.7
1558d83b,GS Sandhu,Lalit Yadav,56.1,JR Hopes,55.0,VRV Singh,51.8
16043342,AB McDonald,JP Faulkner,82.8,KK Cooper,82.3,PP Chawla,81.3
1647bd37,Karanveer Singh,VY Mahesh,82.1,L Ngidi,78.8,AJ Tye,74.9
16605a1b,AA Kazi,MR Marsh,67.2,S Dube,57.9,KV Sharma,56.3
16dfcc19,Umar Gul,M Pathirana,91.2,HV Patel,90.3,CH Morris,88.7
172dff15,C Bosch,MS Gony,71.9,AS Joseph,71.1,K Kartikeya,69.7
18e6906e,A Choudhary,AC Thomas,91.3,Mohsin Khan,91.3,DS Kulkarni,89.9
19b9f399,CJ Green,Abhishek Sharma,50.9,TM Dilshan,47.8,Shahbaz Ahmed,39.4
1a0c3177,P Awana,MJ McClenaghan,95.8,KW Richardson,95.6,M Prasidh Krishna,95.5
1a156c88,DJM Short,MC Henriques,81.6,R Tewatia,77.3,STR Binny,76.9
1a2676c5,SA Abbott,PVD Chameera,88.2,Kartik Tyagi,83.3,BB Sran,81.7
1abb78f8,SN Thakur,CR Brathwaite,86.3,AJ Tye,84.2,HH Pandya,84.2
1ac746c8,Atharva Taide,RG Sharma,59.9,S Dube,58.1,JEC Franklin,56.7
1b7b0fa7,Vivrant Sharma,DJ Hooda,57.0,MP Stoinis,56.0,Arshad Khan,48.1
1be70c88,LPC Silva,S Dube,68.5,R Shepherd,61.0,CJ Anderson,58.6
1c2a64cd,A Ashish Reddy,LR Shukla,69.0,DJG Sammy,68.7,DT Christian,68.6
1c914163,Yuvraj Singh,JP Duminy,91.2,STR Binny,90.8,SK Raina,90.2
1cb14aa4,CJ Dala,Pankaj Singh,52.2,A Mithun,51.7,PVD Chameera,44.6
1da489ff,S Kaushik,C Green,59.6,Washington Sundar,53.5,Mohammad Nabi,48.2
1dc12ab9,SK Raina,STR Binny,97.3,JP Duminy,90.9,Yuvraj Singh,90.2
1e030637,V Puthur,KV Sharma,69.1,AD Russell,67.5,R Sai Kishore,64.0
1e66c162,JD Unadkat,Mustafizur Rahman,89.6,T Natarajan,87.4,NT Ellis,85.7
1ee08e9a,JA Richardson,Suyash Sharma,75.9,R McLaren,75.6,K Kartikeya,75.0
2049f3a0,SJ Srivastava,VG Arora,92.0,TU Deshpande,87.8,RP Meredith,84.5
20a941bb,M Ntini,IK Pathan,91.4,DW Steyn,88.0,IC Pandey,82.2
21ac077a,RR Bose,V Sehwag,48.4,Shahbaz Ahmed,41.5,R Shepherd,40.0
21d4e29b,NA Saini,A Mithun,75.8,Kartik Tyagi,65.1,S Dube,60.4
21d4e29b,Navdeep Saini,Harshit Rana,82.7,UT Yadav,80.7,KK Ahmed,80.6
23cca426,OF Smith,Navdeep Saini,75.1,Pankaj Singh,69.4,VR Aaron,68.7
23eeb873,DL Chahar,AB Dinda,87.3,IK Pathan,86.8,WD Parnell,86.0
244048f6,Arshdeep Singh,LH Ferguson,95.8,M Prasidh Krishna,95.3,CR Woakes,95.3
245c97cb,TS Mills,Basil Thampi,84.1,MA Starc,74.4,Anureet Singh,73.4
2498e163,JR Hopes,Washington Sundar,67.2,AD Mathews,66.9,Azmatullah Omarzai,65.2
249abedf,Jalaj S Saxena,Abhishek Sharma,50.6,Mohammad Nabi,47.8,TM Dilshan,45.8
249d60c9,AU Rashid,Suyash Sharma,81.3,A Ashish Reddy,79.5,LR Shukla,75.2
24d94623,Ankit Sharma,RR Powar,90.7,AR Patel,90.5,J Yadav,88.8
2503e881,A Nel,K Rabada,76.3,Mohsin Khan,73.4,KW Richardson,70.8
25228673,Harsh Dubey,PWH de Silva,84.1,PP Chawla,83.8,R Sai Kishore,81.4
25eeb281,PC Valthaty,R Dhawan,77.5,AD Mathews,76.8,RA Jadeja,69.3
260fd380,AM Salvi,P Awana,87.4,Mohsin Khan,84.9,AC Thomas,83.8
266849c1,R Goyal,TM Dilshan,61.9,AM Nayar,54.8,DJ Hooda,53.9
26989d80,Shashank Singh,Mohammad Nabi,77.2,DJ Hussey,75.7,V Kohli,75.7
26a85969,R Dhawan,Suyash Sharma,83.4,K Kartikeya,82.2,Ankit Sharma,78.8
26d041c4,Sikandar Raza,Y Venugopal Rao,85.5,AK Markram,82.6,Abhishek Sharma,76.7
26e5cabf,MK Tiwary,S Dube,89.5,MP Stoinis,83.5,JEC Franklin,79.1
26ff4c29,RJ Peterson,BA Bhatt,71.6,MM Patel,62.9,Azhar Mahmood,61.4
271f83cd,SA Yadav,TM Dilshan,55.1,Abhishek Sharma,48.8,AM Nayar,46.6
27af6414,BJ Rohrer,DJ Hooda,66.8,S Dube,61.2,C de Grandhomme,59.9
27e71d47,K Upadhyay,TM Dilshan,36.7,DJ Hooda,36.5,Abhishek Sharma,36.1
2815fe50,AA Jhunjhunwala,LR Shukla,85.6,Suyash Sharma,79.3,DR Smith,75.5
287686fd,S Narwal,VR Aaron,77.0,Basil Thampi,76.7,Pankaj Singh,76.1
29d72eb2,AA Chavan,K Gowtham,84.7,RR Powar,78.5,Ankit Sharma,76.2
29e95537,AM Rahane,MM Ali,88.8,YK Pathan,82.6,R Bhatia,81.9
2a2e6343,DT Christian,LR Shukla,74.9,A Ashish Reddy,68.6,DJG Sammy,66.3
2a72fd4f,Harmeet Singh,JA Morkel,80.9,SL Malinga,79.3,RP Singh,79.2
2af1b6d2,AN Ahmed,Shivam Mavi,82.0,DR Sams,72.4,R McLaren,72.3
2b6e6dec,AC Gilchrist,MC Henriques,84.2,GJ Maxwell,73.7,Harbhajan Singh,73.0
2c76b512,DJ Muthuswami,IC Pandey,78.0,IK Pathan,74.4,K Gowtham,72.2
2cdce1be,C Sakariya,CJ Jordan,81.8,DR Sams,81.4,PVD Chameera,78.7
2cffab74,Mukesh Kumar,VG Arora,91.8,TU Deshpande,91.7,A Nortje,90.6
2e11c706,BCJ Cutting,Lalit Yadav,82.4,BA Stokes,78.7,Shahbaz Ahmed,71.8
2e171977,AR Patel,SP Narine,93.0,DL Vettori,92.4,PV Tambe,92.2
2e78f685,KR Sen,Mukesh Kumar,87.4,A Nortje,85.9,Anureet Singh,83.9
2e81a32d,B Kumar,TA Boult,94.2,JC Archer,92.9,Z Khan,92.9
2e8994e7,JP Duminy,YK Pathan,97.6,STR Binny,95.0,Yuvraj Singh,91.2
2e9fdf9b,DAJ Bracewell,TG Southee,90.4,DE Bollinger,83.9,MF Maharoof,83.3
2ed569a0,RD Chahar,P Negi,92.6,Kuldeep Yadav,92.1,Iqbal Abdulla,91.4
2f3817ce,TP Sudhindra,PVD Chameera,72.1,Kartik Tyagi,70.1,BB Sran,69.2
2f49c897,Mohammed Siraj,JC Archer,94.8,M Jansen,93.9,RP Singh,91.5
2f9d0389,LH Ferguson,M Prasidh Krishna,96.2,Arshdeep Singh,95.8,P Awana,94.7
30a45b23,SPD Smith,S Dube,68.7,RG Sharma,66.0,Shahbaz Ahmed,64.7
30df8c66,Simarjeet Singh,VR Aaron,81.4,R Shepherd,72.8,CJ Anderson,70.1
3204c99f,G Coetzee,Yash Thakur,88.6,PVD Chameera,87.3,BB Sran,86.8
32198ae0,MC Henriques,V Shankar,83.8,P Negi,79.5,STR Binny,78.9
327b58d3,PVD Chameera,CJ Jordan,87.3,BB Sran,82.0,Kartik Tyagi,81.6
3355b542,F du Plessis,S Dube,70.5,RG Sharma,66.9,JEC Franklin,64.2
33a364a6,R Bhatia,SB Jakati,87.1,Bipul Sharma,86.3,RA Jadeja,85.8
33ffc3dd,R Sanjay Yadav,AS Rajpoot,58.1,A Mithun,55.3,Kartik Tyagi,49.0
342d8ade,CRD Fernando,S Aravind,95.5,MJ McClenaghan,94.9,CH Morris,94.7
350bb1b1,AF Milne,Navdeep Saini,79.0,UT Yadav,78.6,Mohsin Khan,76.5
35205dfc,DR Smith,DJG Sammy,89.2,SC Ganguly,89.0,V Sehwag,88.1
36619795,Zeeshan Ansari,KV Sharma,63.0,S Gopal,61.9,PWH de Silva,57.1
378daa89,Aman Hakim Khan,Shahbaz Ahmed,70.3,DJ Hooda,57.1,LS Livingstone,51.9
38f2c66c,VS Yeligati,DJ Hooda,68.3,S Dube,64.1,C de Grandhomme,59.4
39a2dfa8,R Tewatia,AM Nayar,85.9,Mohammad Nabi,82.0,SK Raina,80.6
39f01cdb,KP Pietersen,Bipul Sharma,92.1,R Bhatia,91.8,A Mishra,89.2
39f82db3,DJ Harris,TM Dilshan,65.8,C de Grandhomme,64.4,LS Livingstone,61.8
3a60e0b5,WD Parnell,A Nehra,94.9,TA Boult,94.2,MJ McClenaghan,93.7
3ae3f034,AUK Pathan,DJ Hooda,65.5,C de Grandhomme,60.1,TM Dilshan,58.4
3b53243a,XC Bartlett,IC Pandey,70.4,AS Joseph,61.8,UT Yadav,61.2
3c6ffae8,YK Pathan,JP Duminy,97.6,STR Binny,94.8,CH Gayle,89.4
3d7e087f,SK Trivedi,RE van der Merwe,93.9,PV Tambe,93.5,SK Warne,93.2
3d8feaf8,MR Marsh,CR Brathwaite,72.8,SN Thakur,72.5,M Pathirana,64.6
3dba85c2,WA Mota,ST Jayasuriya,78.2,KA Pollard,73.9,AM Nayar,69.5
3eac9d95,JDP Oram,AD Russell,61.9,CJ Anderson,59.0,R Shepherd,58.5
3edb58fc,AD Mascarenhas,A Singh,91.5,R Vinay Kumar,90.5,A Nehra,89.8
3fb19989,MA Starc,Umran Malik,89.0,Harshit Rana,85.0,TG Southee,83.8
402f8494,RJ Gleeson,MS Gony,83.4,R McLaren,82.5,AS Joseph,68.7
4125d931,J Suchith,PJ Sangwan,92.8,Z Khan,91.4,L Balaji,91.1
4180d897,JE Taylor,R Vinay Kumar,81.7,JP Behrendorff,79.6,MG Johnson,79.0
41eb4a4f,R Vinay Kumar,S Aravind,92.4,P Awana,92.3,A Singh,92.0
4329fbb5,SR Watson,DP Nannes,95.8,AB Dinda,94.0,DW Steyn,93.0
4353bba5,YA Abdulla,MA Starc,95.6,I Sharma,86.6,Umran Malik,86.2
441c72ae,P Ray Barman,Shahbaz Ahmed,71.0,DJ Hooda,61.8,S Dube,59.3
44aac2f0,Arjun Tendulkar,SW Tait,75.5,DW Steyn,68.9,DP Nannes,65.1
45c2196c,DE Bollinger,A Nehra,96.8,RJ Harris,95.8,MM Patel,94.6
462411b3,JJ Bumrah,CV Varun,95.9,Z Khan,91.5,SL Malinga,91.4
465aa633,N Burger,BW Hilfenhaus,93.3,Mohammed Shami,91.6,KW Richardson,90.0
469ea22b,KMDN Kulasekara,J Suchith,92.6,PJ Sangwan,83.1,AC Thomas,82.8
46a9bea1,TU Deshpande,VG Arora,92.8,Mukesh Kumar,91.7,Yash Thakur,87.8
4885bbe6,Yudhvir Singh,Mukesh Choudhary,85.7,Navdeep Saini,79.8,Basil Thampi,76.9
4933f499,JP Behrendorff,M Prasidh Krishna,95.7,Arshdeep Singh,94.3,JR Hazlewood,93.1
495d42a5,R Ashwin,S Nadeem,87.6,SP Narine,86.9,M Theekshana,86.9
4b31f3a3,Yash Thakur,TU Deshpande,87.8,Mukesh Kumar,85.9,VG Arora,81.1
4b4d1957,PM Sarvesh Kumar,C Green,73.4,R Tewatia,60.6,K Gowtham,57.1
4b57e452,M Vijay,TM Dilshan,66.0,DJ Hooda,62.5,C de Grandhomme,62.1
4ba44e19,M Muralitharan,A Kumble,96.8,DL Vettori,96.0,SP Narine,95.7
4bd09374,Akash Madhwal,Anureet Singh,85.1,JP Faulkner,81.9,Naveen-ul-Haq,80.0
4c4fa80b,SMSM Senanayake,Rashid Khan,90.5,J Botha,90.2,R Sharma,89.6
4c5d73db,CR Woakes,M Prasidh Krishna,97.2,JR Hazlewood,97.1,Arshdeep Singh,95.3
4d7f517e,AJ Hosein,JR Hopes,75.5,A Zampa,70.2,PWH de Silva,64.7
4ec07775,RN ten Doeschate,SK Raina,91.0,STR Binny,86.0,V Shankar,84.6
4f629497,SE Bond,Z Khan,96.1,B Kumar,93.9,TA Boult,92.0
50758325,B Geeves,BB Sran,66.0,SM Curran,59.6,Kartik Tyagi,56.7
50c6bc2b,LS Livingstone,SC Ganguly,87.4,Shahbaz Ahmed,83.2,V Kohli,82.8
51a3c5ef,MJ McClenaghan,BW Hilfenhaus,96.5,P Awana,95.8,M Morkel,95.5
52294a79,H Sharma,Shahbaz Ahmed,72.4,DJ Hooda,68.4,LS Livingstone,66.1
529eb9e0,OC McCoy,M Pathirana,92.0,SW Tait,77.4,HV Patel,77.0
531f0278,K Santokie,Yash Thakur,80.6,BB Sran,75.1,Mukesh Kumar,71.7
5451a2c1,B Chipli,R Shepherd,71.4,S Dube,68.4,CJ Anderson,58.4
54e52590,Vijaykumar Vyshak,HV Patel,84.6,Yash Dayal,81.5,TU Deshpande,81.0
557153ca,KK Cooper,JP Faulkner,91.4,SL Malinga,89.8,MF Maharoof,87.4
5574750c,JC Archer,Mohammed Siraj,94.8,B Kumar,92.9,PJ Cummins,89.6
5673a3fc,NL McCullum,TM Dilshan,58.6,SK Raina,57.3,AM Nayar,55.2
56ab442f,NM Coulter-Nile,AB Dinda,94.3,RJ Harris,93.8,SR Watson,92.9
5750bcb4,E Malinga,L Ngidi,97.6,Naveen-ul-Haq,93.2,Arshdeep Singh,92.8
57ee1fde,YS Chahal,Imran Tahir,91.9,PP Chawla,90.8,PWH de Silva,90.4
57efa3be,SB Styris,C Green,71.5,SR Watson,70.0,MJ Santner,69.7
59559bc2,J Overton,R Shepherd,61.9,S Dube,60.0,DJ Hooda,56.9
5b040b81,A Singh,A Nehra,92.9,DE Bollinger,92.7,R Vinay Kumar,92.0
5b16a806,A Dananjaya,Shahbaz Ahmed,55.5,DJ Hooda,53.9,Y Venugopal Rao,40.9
5b7ab5a9,CV Varun,JJ Bumrah,95.9,GB Hogg,95.6,Z Khan,93.1
5b8c830e,KH Pandya,AR Patel,89.4,S Nadeem,88.6,MJ Santner,88.2
5bb1a1c4,I Sharma,S Sreesanth,85.8,VG Arora,83.7,Mohammed Siraj,83.3
5bb5a915,M Morkel,AB Dinda,98.3,A Nehra,97.7,BW Hilfenhaus,97.6
5bdcdb72,TM Dilshan,AM Nayar,90.0,Y Venugopal Rao,88.1,Abhishek Sharma,85.0
5d096f3d,RR Powar,Ankit Sharma,90.7,J Botha,86.1,J Yadav,84.2
5d2eea49,Kartik Tyagi,AS Rajpoot,86.4,BB Sran,85.1,PVD Chameera,81.6
5d9a1a73,R Sharma,DL Vettori,96.7,Iqbal Abdulla,94.2,SP Narine,94.2
5f26df4f,VS Malik,K Gowtham,63.8,A Symonds,59.7,BA Bhatt,54.6
5f4e9e8f,RR Raje,V Sehwag,85.9,S Dube,82.2,DJG Sammy,79.6
5f547c8b,Rashid Khan,M Ashwin,93.9,R Sharma,93.0,PV Tambe,92.2
5fa06777,IK Pathan,DW Steyn,95.3,Z Khan,93.2,RJ Harris,93.1
5ffc0565,V Nigam,Akash Madhwal,76.8,CR Brathwaite,69.9,Anureet Singh,68.5
6042bf26,NJ Rimmington,K Gowtham,48.9,J Yadav,47.7,C Green,38.1
60500956,RV Patel,R Parag,64.5,AM Nayar,56.6,SK Raina,55.4
611926bc,GR Napier,A Zampa,77.3,NT Ellis,74.6,AC Thomas,74.4
62175638,Karim Janat,R Shepherd,69.9,S Dube,67.1,CJ Anderson,63.3
626c5379,R Sathish,LS Livingstone,87.6,DJ Hussey,86.9,V Kohli,86.0
62af8546,Mohammad Nabi,R Tewatia,82.0,STR Binny,80.7,SK Raina,80.1
63bff7f9,SM Harwood,DR Sams,88.0,MG Johnson,79.3,S Sreesanth,78.3
641ac5ff,IS Sodhi,SK Warne,96.1,A Kumble,92.1,PP Ojha,91.9
64775749,RP Meredith,M Jansen,90.4,K Rabada,89.7,Shivam Mavi,89.5
64839cb3,M Pathirana,DJ Bravo,89.2,HV Patel,88.9,VY Mahesh,82.2
64a4c383,S Sriram,S Dube,73.4,R Shepherd,66.0,Shahbaz Ahmed,59.5
64c34cd0,Shoaib Malik,MP Stoinis,81.7,DJ Hooda,72.5,R Parag,69.1
64d43928,Sohail Tanvir,SL Malinga,92.8,MF Maharoof,91.5,DE Bollinger,90.5
650d5e49,R Powell,Joginder Sharma,71.7,A Ashish Reddy,61.6,Akash Madhwal,61.6
6581d753,JM Kemp,V Shankar,75.4,SW Tait,63.4,KA Pollard,62.1
65b6943c,L Wood,PVD Chameera,83.9,Kartik Tyagi,79.2,A Mithun,74.0
662c47a6,Y Nagar,S Dube,84.1,MP Stoinis,83.0,CJ Anderson,77.5
66b30f71,AB Dinda,M Morkel,98.3,RJ Harris,97.6,RP Singh,96.3
66cf56a5,A Mithun,AS Rajpoot,84.9,Kartik Tyagi,75.2,PVD Chameera,61.4
670709ec,SB Joshi,Shahbaz Ahmed,69.2,TM Dilshan,68.9,AM Nayar,65.3
67af6f81,RW Price,C de Grandhomme,62.9,Shahbaz Ahmed,62.0,RG Sharma,60.4
6821ac10,JJ van der Wath,A Nortje,76.3,Yash Thakur,75.5,PVD Chameera,74.1
6834d1f2,B Stanlake,MG Johnson,96.4,KK Ahmed,94.3,UT Yadav,93.4
68c56d09,KA Jamieson,K Rabada,94.1,Harshit Rana,92.1,A Nortje,92.1
69be866a,Anureet Singh,Akash Madhwal,85.1,JP Faulkner,81.5,A Nortje,77.1
6a26221c,AK Markram,SC Ganguly,89.0,N Rana,88.9,Y Venugopal Rao,87.8
6ad3a659,P Amarnath,SM Curran,70.7,A Zampa,68.6,NLTC Perera,61.9
6aed7e79,PV Tambe,M Ashwin,94.1,SK Trivedi,93.5,DL Vettori,93.2
6b19d823,A Mishra,Kuldeep Yadav,93.0,PP Ojha,92.0,Imran Tahir,91.8
6b8eb6e5,S Sreesanth,MG Johnson,92.6,Mohammed Siraj,90.4,RP Singh,90.2
6c19c6e5,YBK Jaiswal,S Dube,65.7,R Shepherd,63.1,CJ Anderson,60.2
6c6591ab,PP Ojha,SK Warne,96.4,GB Hogg,96.3,Imran Tahir,95.2
6eb146d2,Gurkeerat Singh,MC Henriques,80.1,MJ Santner,78.4,GJ Maxwell,75.9
6ec424a9,ND Doshi,Pankaj Singh,69.9,Basil Thampi,66.4,Mukesh Choudhary,61.8
6ef60d3a,Kamran Khan,MA Starc,78.2,AD Russell,76.1,VY Mahesh,74.6
6f49cc6e,Shivam Sharma,K Kartikeya,90.7,Suyash Sharma,87.5,Rashid Khan,85.7
7210d461,Yash Dayal,PJ Cummins,91.3,Mohsin Khan,91.2,K Rabada,91.0
725529bc,SC Ganguly,AK Markram,89.0,DR Smith,89.0,N Rana,88.7
73ad96ed,DJ Hooda,C de Grandhomme,87.8,Shahbaz Ahmed,84.9,Y Venugopal Rao,77.8
73c18486,KR Mayers,TM Dilshan,51.6,R Parag,50.8,C de Grandhomme,47.6
740742ef,RG Sharma,C de Grandhomme,88.3,SC Ganguly,86.4,AK Markram,84.5
75224f22,KMA Paul,MR Marsh,71.2,HH Pandya,69.4,DJ Bravo,68.8
752f7486,Ishan Kishan,RG Sharma,60.1,S Dube,57.9,JEC Franklin,57.1
756389bd,S Vidyut,Mujeeb Ur Rahman,71.0,Arshad Khan,65.5,VR Aaron,65.2
759ac88f,MM Sharma,CR Brathwaite,84.9,AJ Tye,82.7,JO Holder,77.5
76388dc8,S Badree,IK Pathan,87.1,JH Kallis,84.0,R Sharma,83.9
765a4731,Mukesh Choudhary,Umran Malik,87.3,Basil Thampi,84.1,Navdeep Saini,73.1
77255a9e,RA Tripathi,C de Grandhomme,71.7,LS Livingstone,69.8,RG Sharma,66.3
77b1aa15,Harshit Rana,JR Hazlewood,93.2,CR Woakes,92.0,Arshdeep Singh,91.3
78eb4223,KAJ Roach,A Mithun,43.5,Pankaj Singh,40.3,PVD Chameera,39.0
798934ea,C Ganapathy,Shahbaz Ahmed,67.8,S Dube,64.8,DJ Hooda,57.8
798cc28e,KM Asif,Vijaykumar Vyshak,79.8,TU Deshpande,69.4,DJ Bravo,64.7
7a8bd078,S Gopal,RD Chahar,90.7,P Negi,88.7,PWH de Silva,87.5
7c390b03,RA Shaikh,Shahbaz Ahmed,69.0,LS Livingstone,59.6,DJ Hooda,59.4
7c3b3b78,VG Arora,TU Deshpande,92.8,Mukesh Kumar,91.8,Harshit Rana,89.6
7c503806,J Botha,JH Kallis,89.8,Ankit Sharma,88.4,R Sharma,87.9
7c7d63a2,AJ Tye,Naveen-ul-Haq,94.1,JO Holder,90.7,L Ngidi,88.3
7ca5e05d,RS Bopara,A Mishra,88.9,MJ Santner,83.6,R Sai Kishore,82.0
7d3720ba,RR Bhatkal,S Dube,68.7,Shahbaz Ahmed,61.6,R Shepherd,59.4
7d3937ed,DJ Thornely,V Shankar,90.4,MC Henriques,88.5,C Green,69.3
7d92277a,Mujeeb Ur Rahman,VR Aaron,77.6,Basil Thampi,74.5,VY Mahesh,68.6
7dc35884,Shakib Al Hasan,DL Vettori,94.1,R Sharma,93.9,Iqbal Abdulla,93.5
7dcb9bc9,M Shahrukh Khan,DJ Hussey,83.3,LS Livingstone,83.1,Mohammad Nabi,78.2
7f048519,DJ Willey,GJ Maxwell,89.1,SP Narine,88.1,Harpreet Brar,87.5
808f425a,JP Faulkner,KK Cooper,91.4,LH Ferguson,91.1,Naveen-ul-Haq,91.0
80b2fb19,Prince Yadav,K Kartikeya,81.7,Suyash Sharma,78.1,M Ashwin,75.6
81049310,J Yadav,Ankit Sharma,88.8,RR Powar,84.2,M Kartik,83.8
81c08fa3,Umran Malik,MA Starc,89.0,Mukesh Choudhary,87.3,Basil Thampi,82.5
81c36ee9,M Jansen,Mohammed Siraj,93.9,MJ McClenaghan,91.9,KK Ahmed,90.4
8291f939,AL Menaria,DJ Hussey,82.5,V Kohli,72.9,LS Livingstone,71.1
8361e524,SSB Magala,AD Mathews,73.0,Washington Sundar,68.2,R Parag,67.5
83c3e8e3,SH Johnson,AS Joseph,73.1,Azmatullah Omarzai,61.1,K Gowtham,55.8
844e79d1,D Brevis,Mukesh Choudhary,67.6,Basil Thampi,66.2,A Ashish Reddy,64.4
85aae393,Iqbal Abdulla,Harbhajan Singh,97.9,DL Vettori,95.9,A Kumble,95.6
85b3fab2,T Stubbs,CJ Anderson,76.2,S Dube,71.1,V Sehwag,70.2
85e0cf10,M Prasidh Krishna,CR Woakes,97.2,Mustafizur Rahman,96.7,LH Ferguson,96.2
85ec8e33,SS Iyer,K Gowtham,58.1,IC Pandey,53.5,C Green,44.8
864c199e,AC Voges,C de Grandhomme,86.1,TM Dilshan,84.4,V Kohli,80.5
86ae8ef2,MB Parmar,DJ Hooda,51.9,Shahbaz Ahmed,51.8,S Dube,48.7
86dc8f2e,JH Kallis,R Sharma,90.8,Rashid Khan,89.9,J Botha,89.8
871e9faf,Basil Thampi,Mukesh Choudhary,84.1,Umran Malik,82.5,Mujeeb Ur Rahman,74.5
872b03f7,A Badoni,STR Binny,91.7,YK Pathan,87.5,JP Duminy,85.8
87e562a9,DJ Bravo,HV Patel,92.5,M Pathirana,89.2,MF Maharoof,87.3
888e32bf,Abdur Razzak,R Shepherd,56.0,A Mithun,55.8,Arshad Khan,53.6
88fccd6c,SM Pollock,Harbhajan Singh,91.8,A Kumble,89.1,SK Warne,85.4
890de8cb,Gagandeep Singh,SM Curran,75.8,VRV Singh,75.8,S Kaul,75.5
896d78ad,AD Mathews,Washington Sundar,84.5,PV Tambe,82.7,S Nadeem,81.6
8998a68f,Sumit Kumar,R Parag,61.3,DJ Hooda,57.9,Abhishek Sharma,46.6
89f64c19,LMP Simmons,Joginder Sharma,75.5,A Ashish Reddy,74.0,Anureet Singh,67.0
8a668774,Shoaib Ahmed,A Ashish Reddy,75.1,DR Smith,74.5,V Sehwag,71.8
8abdf100,CJ Anderson,R Shepherd,88.2,MP Stoinis,74.8,S Dube,68.9
8b5b6769,Harbhajan Singh,A Kumble,98.0,Iqbal Abdulla,97.9,M Muralitharan,95.6
8b9704ae,L Ablish,AD Russell,71.5,Akash Madhwal,68.8,Basil Thampi,68.7
8ba8195d,V Sehwag,DR Smith,88.1,DJG Sammy,80.0,SC Ganguly,78.8
8cf9814c,Mohammed Shami,TA Boult,99.0,A Nehra,95.4,BW Hilfenhaus,95.3
8d2c70ad,Kuldeep Yadav,A Mishra,93.0,RD Chahar,92.1,SK Warne,91.5
8d92a2c3,MA Wood,Naveen-ul-Haq,93.8,CR Woakes,90.4,TG Southee,90.4
8db7f47f,RJW Topley,Mohsin Khan,81.9,A Nortje,81.4,Yash Dayal,80.0
8dc152d1,D Jansen,Kartik Tyagi,89.6,BB Sran,78.0,Arshad Khan,73.8
8e514b4c,Abdul Samad,CJ Anderson,68.2,V Sehwag,64.3,R Shepherd,63.1
8f6dd463,Azmatullah Omarzai,B Kumar,70.6,JR Hopes,65.2,K Gowtham,64.2
8fd1a8f5,DW Steyn,IK Pathan,95.3,P Kumar,94.4,SR Watson,93.0
9061a703,J Little,Avesh Khan,96.4,LH Ferguson,95.3,P Awana,93.0
90de905a,K Gowtham,IC Pandey,76.4,R Dhawan,76.0,Ankit Sharma,75.0
90edaaa9,S Rana,SK Raina,71.4,AM Nayar,67.4,TM Dilshan,65.2
9170ff49,Parvez Rasool,AD Mathews,83.0,JR Hopes,77.9,Lalit Yadav,76.2
91a4a398,Z Khan,TA Boult,96.2,M Morkel,96.2,A Nehra,96.0
91ffa6c6,JD Ryder,AM Nayar,81.0,Yuvraj Singh,79.6,ST Jayasuriya,76.1
9219eff0,JDS Neesham,Mohammad Nabi,66.8,D Wiese,63.3,BA Bhatt,59.2
93a17209,VY Mahesh,M Pathirana,82.2,VG Arora,79.5,MA Starc,77.2
94253925,GH Vihari,SK Raina,92.4,STR Binny,89.6,V Kohli,83.2
943fd425,I Malhotra,R Shepherd,73.5,S Dube,73.1,CJ Anderson,62.1
9440ef41,Suyash Sharma,K Kartikeya,92.1,R Dhawan,83.4,Harpreet Brar,76.9
94bc776b,D Kalyankrishna,JR Hopes,54.5,R Shepherd,49.1,KV Sharma,48.1
94d7f855,C de Grandhomme,RG Sharma,88.3,DJ Hooda,87.8,TM Dilshan,84.8
94eac556,CJ McKay,AN Ahmed,67.1,PVD Chameera,64.3,BB Sran,62.9
957532de,S Aravind,A Nehra,95.8,CR Woakes,94.3,CH Morris,94.2
96fd40ae,A Nehra,RJ Harris,97.9,M Morkel,97.7,DE Bollinger,96.8
970ddd24,Suryansh Shedge,DJ Hooda,71.8,Shahbaz Ahmed,67.5,S Dube,64.8
97290faf,S Joseph,Arshad Khan,57.4,A Mithun,55.9,Kartik Tyagi,55.5
983f2f61,Swapnil Singh,GJ Maxwell,88.7,STR Binny,81.5,SK Raina,78.4
9868bc75,BMAJ Mendis,P Negi,76.8,Washington Sundar,73.8,RD Chahar,73.3
98ae73b1,PP Chawla,Noor Ahmad,92.7,Imran Tahir,92.4,GB Hogg,92.4
99258814,Gurnoor Brar,PVD Chameera,63.6,A Mithun,60.8,CJ Jordan,57.5
99b202b3,A Chandila,Harbhajan Singh,83.7,MJ Santner,80.5,A Kumble,80.4
99ed60f8,JPR Scantlebury-Searles,R Shepherd,76.1,CJ Anderson,66.7,S Dube,61.0
9a0146b3,P Sahu,RA Jadeja,83.3,AD Mathews,81.0,AK Markram,79.2
9a158001,Azhar Mahmood,MF Maharoof,91.7,DE Bollinger,91.3,MM Patel,90.4
9a46c4e5,GD Phillips,MC Henriques,86.2,SK Raina,82.2,MJ Santner,81.5
9a5f2863,Mohit Rathee,R Shepherd,66.6,S Dube,60.6,Shahbaz Ahmed,57.1
9a963804,LE Plunkett,AD Mathews,74.1,Washington Sundar,73.2,VRV Singh,62.7
9ab63e7b,Mohammad Hafeez,LR Shukla,73.9,RA Jadeja,69.7,AK Markram,68.9
9caf69a1,WG Jacks,MP Stoinis,82.2,V Shankar,79.5,KA Pollard,70.2
9d430b40,SP Narine,DL Vettori,98.2,M Muralitharan,95.7,R Sharma,94.2
9d704f6f,SZ Mulani,A Mithun,45.8,PVD Chameera,42.7,DJ Hooda,37.4
9d80c5e1,S Nadeem,SK Trivedi,92.8,PV Tambe,92.6,Shakib Al Hasan,91.2
9eb1455b,NT Ellis,Sandeep Sharma,93.9,T Natarajan,88.9,A Zampa,88.1
9f77963a,Gulbadin Naib,Shahbaz Ahmed,70.0,DJ Hooda,61.3,Y Venugopal Rao,55.6
9f961c14,Joginder Sharma,Anureet Singh,61.9,R McLaren,60.4,A Ashish Reddy,56.1
9fc0ef64,PJ Sangwan,MJ McClenaghan,95.4,AC Thomas,95.1,J Suchith,92.8
9ff100a6,RS Gavaskar,TM Dilshan,55.2,DJ Hooda,45.9,Abhishek Sharma,45.0
a03bba42,T Shamsi,JR Hopes,77.2,AD Mathews,72.9,Washington Sundar,71.6
a12e1d51,SL Malinga,CH Morris,93.6,L Balaji,92.9,CV Varun,92.5
a1d053dd,SS Cottrell,S Sreesanth,90.9,MG Johnson,89.0,DS Kulkarni,88.7
a1d95bd8,LB Williams,PVD Chameera,90.6,CJ Jordan,82.6,Kartik Tyagi,78.1
a1f1829d,K Goel,TM Dilshan,64.5,AM Nayar,61.4,R Parag,57.5
a24be938,VR Iyer,S Dube,80.3,JEC Franklin,80.1,RG Sharma,79.6
a2f46292,KK Ahmed,Mohsin Khan,92.7,MG Johnson,92.5,UT Yadav,92.4
a316d663,GC Viljoen,L Ngidi,90.1,Avesh Khan,88.6,Arshdeep Singh,87.5
a343262c,JE Root,AM Nayar,75.2,R Parag,69.6,SK Raina,69.6
a386e91b,PD Collingwood,ST Jayasuriya,93.5,Yuvraj Singh,89.3,R Bhatia,88.1
a457cfb5,Mayank Dagar,Suyash Sharma,84.5,R Dhawan,84.4,RR Powar,80.9
a45a5e8d,AM Nayar,TM Dilshan,90.0,SK Raina,87.6,Yuvraj Singh,86.1
a4e37e47,S Dube,JEC Franklin,77.6,MP Stoinis,77.3,DJ Hooda,73.2
a757b0d8,KA Pollard,ST Jayasuriya,83.6,V Kohli,80.2,R Parag,78.0
a7c226e1,FH Edwards,DW Steyn,93.8,DP Nannes,92.1,AB Dinda,90.4
a818c1be,TA Boult,Mohammed Shami,99.0,Z Khan,96.2,A Nehra,95.9
a90e53ec,MW Short,SK Raina,53.4,TM Dilshan,48.1,STR Binny,47.0
a97c8ec2,PWH de Silva,YS Chahal,90.4,PP Chawla,90.4,Ravi Bishnoi,88.7
a9da7784,KJ Abbott,R McLaren,78.4,A Mithun,76.6,Lalit Yadav,67.0
a9fd84fb,M Markande,PP Chawla,74.8,PWH de Silva,74.3,K Kartikeya,68.3
aa8d28ae,D Wiese,BA Stokes,55.3,Shahbaz Ahmed,51.3,DJ Hussey,44.3
aaa1b522,TL Suman,ST Jayasuriya,75.7,AM Nayar,73.2,JD Ryder,71.5
aad0c365,Nithish Kumar Reddy,KA Pollard,72.9,HH Pandya,61.3,MP Stoinis,60.8
ab89348d,MF Maharoof,S Aravind,92.3,Azhar Mahmood,91.7,DE Bollinger,91.3
abfeb126,M Kartik,SK Trivedi,89.4,DL Vettori,87.5,S Nadeem,87.5
ac5ae4af,I Udana,SM Curran,75.2,NLTC Perera,69.7,Anureet Singh,67.7
acd4f5dc,DP Vijaykumar,B Lee,77.3,AB Agarkar,68.8,DS Kulkarni,67.9
acdc62f5,A Nortje,Mukesh Kumar,90.6,Avesh Khan,84.5,K Rabada,84.1
acee4cc4,Imran Tahir,GB Hogg,97.0,PP Ojha,95.2,Noor Ahmad,94.0
ad427b5c,Lalit Yadav,BCJ Cutting,82.4,BA Stokes,71.3,Y Venugopal Rao,66.0
addfb70e,SW Tait,M Pathirana,81.4,S Sreesanth,76.3,DP Nannes,74.6
ade90de7,S Midhun,R Shepherd,65.8,S Dube,60.1,DJ Hooda,51.7
ae78bc32,MS Gony,AS Joseph,82.5,R McLaren,81.4,Shivam Mavi,76.1
af2c687b,C Munro,TM Dilshan,55.0,Abhishek Sharma,49.5,R Tewatia,43.3
af7dadf7,B Akhil,SK Raina,91.3,STR Binny,89.9,JP Duminy,85.3
b0482a1d,Tilak Varma,TM Dilshan,63.0,R Parag,60.2,AM Nayar,59.5
b0946605,AS Joseph,MS Gony,82.5,R McLaren,76.2,SM Curran,71.5
b1451597,LR Shukla,DR Smith,85.6,DJG Sammy,80.6,DT Christian,74.9
b1ad996b,MP Yadav,MA Starc,88.7,Harshit Rana,83.5,Umran Malik,82.9
b2570b38,RV Gomez,DR Smith,76.0,Suyash Sharma,71.8,A Ashish Reddy,71.6
b2a79f17,B Laughlin,JO Holder,87.2,SN Thakur,81.3,AJ Tye,80.8
b2ae53f5,T Thushara,DP Nannes,92.6,S Aravind,92.5,MF Maharoof,92.1
b2b23612,RG More,R Parag,66.6,DJ Hooda,65.7,C de Grandhomme,62.4
b2b50355,L Balaji,SL Malinga,92.9,Z Khan,91.9,JA Morkel,91.3
b410bd3d,S Lamichhane,KW Richardson,94.2,L Ngidi,91.4,P Awana,91.0
b483905d,Akash Singh,PJ Cummins,86.8,B Kumar,83.8,TA Boult,83.6
b4f5c2d9,KL Nagarkoti,Shahbaz Ahmed,83.5,DJ Hooda,75.9,R Parag,62.9
b51f72a5,SS Agarwal,JR Hopes,66.7,A Zampa,66.0,K Rabada,57.6
b52ffbbd,FA Allen,Lalit Yadav,84.2,K Kartikeya,68.0,R McLaren,66.4
b552a935,AC Thomas,PJ Sangwan,95.1,MJ McClenaghan,91.4,J Suchith,91.0
b56dc5f7,BE Hendricks,R Vinay Kumar,90.3,Naveen-ul-Haq,90.3,L Ngidi,88.4
b57f8a9a,BJ Hodge,R Bhatia,84.0,ST Jayasuriya,79.6,MC Henriques,76.2
b61a3e1a,LRPL Taylor,C de Grandhomme,78.3,RG Sharma,71.2,DJ Hooda,69.4
b681e71e,GJ Maxwell,Harpreet Brar,87.9,MM Ali,84.4,KH Pandya,84.1
b69e69ed,AA Noffke,C Sakariya,88.5,CJ Jordan,72.2,PVD Chameera,69.4
b720a5d6,DB Ravi Teja,LS Livingstone,82.8,Mohammad Nabi,77.1,AM Nayar,76.9
b822e99c,NB Singh,MC Henriques,83.9,MJ Santner,81.3,Harbhajan Singh,77.8
b8527c3d,Rasikh Salam,Pankaj Singh,72.0,SM Curran,61.5,R Shepherd,58.7
b8d490fd,AJ Finch,DJ Hussey,84.9,AM Nayar,83.1,TM Dilshan,83.1
ba5e1069,R Ravindra,SK Raina,80.4,STR Binny,75.3,JP Duminy,71.4
ba607b88,V Kohli,DJ Hussey,88.2,N Rana,86.4,Yuvraj Singh,83.6
bae11797,Y Gnaneswara Rao,TM Dilshan,39.5,J Yadav,37.9,K Gowtham,35.1
bb18be76,SK Warne,A Kumble,97.3,PP Ojha,96.4,Harbhajan Singh,94.8
bb351c23,MM Ali,Harpreet Brar,92.7,JH Kallis,84.9,GJ Maxwell,84.4
bbd41817,AD Russell,SN Thakur,72.2,VR Aaron,62.6,CJ Anderson,61.0
bcce309e,WPUJC Vaas,A Nehra,97.0,S Aravind,96.9,CR Woakes,95.4
bd17b45f,STR Binny,SK Raina,97.3,JP Duminy,95.0,YK Pathan,94.8
bd77eb62,A Symonds,Iqbal Abdulla,86.9,Harbhajan Singh,86.7,A Kumble,84.4
be24ead0,Ramandeep Singh,CR Brathwaite,64.2,AD Russell,58.1,MM Sharma,57.1
be869ccf,GHS Garton,BB Sran,84.7,Kartik Tyagi,82.8,AB Agarkar,76.3
c03c6200,DJG Sammy,DR Smith,89.2,SC Ganguly,85.7,LR Shukla,80.6
c05edf8e,Harpreet Brar,MM Ali,92.7,SP Narine,90.2,AR Patel,90.0
c0c411cb,Naveen-ul-Haq,AJ Tye,94.1,LH Ferguson,92.8,JP Faulkner,91.0
c15e2193,FY Fazal,JEC Franklin,95.1,LS Livingstone,84.3,DJ Hussey,82.5
c18496e1,Bipul Sharma,P Negi,87.0,R Bhatia,86.3,S Nadeem,84.4
c24a2c5d,S Tyagi,K Gowtham,67.8,LR Shukla,60.6,RR Powar,57.6
c27b5a0e,PVSN Raju,MR Marsh,72.4,S Dube,69.7,CJ Anderson,66.1
c28e9f12,Tejas Baroka,Shahbaz Ahmed,46.9,TM Dilshan,43.2,Abhishek Sharma,41.8
c33d8116,Mohsin Khan,K Rabada,95.6,KK Ahmed,92.7,DS Kulkarni,92.6
c38d3503,Shivam Mavi,RP Meredith,89.5,DR Sams,85.2,K Rabada,84.2
c3a96caf,Mandeep Singh,C de Grandhomme,70.5,DJ Hooda,67.5,LS Livingstone,65.1
c3c92b42,RS Hangargekar,HH Pandya,90.8,M Pathirana,84.2,SN Thakur,83.4
c3d1402f,RP Singh,AB Dinda,96.3,RJ Harris,96.3,M Morkel,95.7
c3d35165,JA Morkel,RP Singh,95.1,AB Dinda,93.1,L Balaji,91.3
c404f58a,DP Nannes,SR Watson,95.8,AB Dinda,94.5,M Morkel,92.3
c42aaf71,M Manhas,SK Raina,66.9,TM Dilshan,66.5,AM Nayar,66.5
c5aef772,R Shepherd,CJ Anderson,88.2,S Dube,64.6,MP Stoinis,64.3
c6097d68,O Thomas,CR Brathwaite,77.7,R Sai Kishore,73.1,DJ Bravo,68.6
c64c2443,J Syed Mohammad,KV Sharma,75.1,R Sai Kishore,74.9,Bipul Sharma,68.4
c654af19,R McLaren,MS Gony,81.4,AS Joseph,76.2,AN Ahmed,72.3
c695b423,PH Solanki,BJ Hodge,87.9,MC Henriques,82.4,ST Jayasuriya,79.3
c69a7b5c,AS Raut,TM Dilshan,71.2,C de Grandhomme,64.2,AM Nayar,63.1
c7a995d3,R Sai Kishore,YS Chahal,88.1,Noor Ahmad,83.8,Imran Tahir,83.6
c8179c68,SB Jakati,PV Tambe,90.7,A Mishra,89.7,RD Chahar,88.4
c96f6ac5,PWA Mulder,Shahbaz Ahmed,65.8,R Shepherd,65.5,S Dube,59.0
caa89a48,SS Sarkar,RG Sharma,82.9,LR Shukla,71.8,SC Ganguly,70.6
caf69bf7,DR Sams,RP Meredith,86.6,DS Kulkarni,85.8,Shivam Mavi,85.2
cb9b8664,W O'Rourke,L Ngidi,84.7,AJ Tye,79.0,Mukesh Kumar,75.0
cc1e8c68,UT Yadav,KK Ahmed,92.4,Mohammed Shami,91.8,IC Pandey,91.2
cca50cd6,LJ Wright,Shahbaz Ahmed,85.9,DJ Hooda,85.3,S Dube,76.4
cd8d2859,DG Nalkande,MR Marsh,71.9,SN Thakur,69.6,AD Russell,69.3
cdc6bdba,S Sandeep Warrier,AD Russell,75.0,VR Aaron,73.6,Navdeep Saini,68.1
ce4cc4d5,R Ninan,KV Sharma,73.8,R Sai Kishore,73.2,L Ngidi,68.7
ce794613,T Natarajan,Sandeep Sharma,93.0,LH Ferguson,92.5,Avesh Khan,91.1
ce820073,Sandeep Sharma,NT Ellis,93.9,T Natarajan,93.0,M Theekshana,88.5
cedc1d9a,P Suyal,AS Rajpoot,79.4,PVD Chameera,77.1,Kartik Tyagi,77.1
cf0ccafa,M Siddharth,GJ Maxwell,87.4,K Kartikeya,79.8,Suyash Sharma,79.7
cf73ad76,JEC Franklin,RG Sharma,80.1,S Dube,77.6,DJ Hussey,77.2
cfa4bd2b,Y Prithvi Raj,R McLaren,76.7,Anureet Singh,71.1,Joginder Sharma,67.9
cfad138c,CK Kapugedera,S Dube,71.2,RG Sharma,68.1,C de Grandhomme,65.5
d014d5ac,SE Rutherford,KA Pollard,94.0,V Kohli,89.2,ST Jayasuriya,79.9
d027ba9f,KS Williamson,C de Grandhomme,72.8,LS Livingstone,72.4,TM Dilshan,66.4
d0513f63,CL White,S Dube,89.7,MP Stoinis,77.7,JEC Franklin,77.2
d167edd3,SM Boland,Azhar Mahmood,84.0,AJ Tye,81.5,R Vinay Kumar,79.1
d1a60072,N Wadhera,TM Dilshan,70.7,AM Nayar,65.4,LS Livingstone,64.1
d1c94b25,CK Langeveldt,S Aravind,95.5,MF Maharoof,92.4,DE Bollinger,92.0
d2340a43,Anand Rajan,JA Morkel,88.1,DP Nannes,85.6,L Balaji,85.2
d2a989fc,DS Kulkarni,P Kumar,94.5,Mohsin Khan,92.6,MG Johnson,92.1
d2c2b2d5,SR Tendulkar,C de Grandhomme,75.8,RG Sharma,71.9,DJ Hooda,70.8
d3611425,LI Meriwala,A Nortje,82.7,C Sakariya,82.3,Yash Dayal,82.1
d45c29b1,Ashwani Kumar,VY Mahesh,83.9,SN Thakur,73.7,Mukesh Kumar,68.2
d4d929b0,V Kaverappa,JP Behrendorff,96.4,CR Woakes,94.2,JR Hazlewood,93.9
d4eef961,M de Lange,A Nortje,88.2,CJ Jordan,80.2,Mukesh Kumar,76.9
d621b427,Musheer Khan,CJ Anderson,63.3,R Shepherd,60.3,JEC Franklin,58.6
d68e7f48,R Rampaul,A Nehra,95.8,M Morkel,95.7,Z Khan,94.2
d718440b,V Pratap Singh,K Rabada,85.8,KW Richardson,84.3,A Nortje,81.7
d7a57f75,D du Preez,R Vinay Kumar,91.9,P Awana,90.3,L Ngidi,89.0
d7b3a420,Jaskaran Singh,VR Aaron,85.8,Mukesh Choudhary,72.2,AS Rajpoot,67.1
d7c6af50,DL Vettori,SP Narine,98.2,R Sharma,96.7,M Muralitharan,96.0
d872f52a,LA Carseldine,SW Tait,65.7,S Sreesanth,63.7,V Shankar,62.7
d8b2f218,BB Sran,Kartik Tyagi,85.1,PVD Chameera,82.0,AS Rajpoot,79.5
d9273ee7,MP Stoinis,S Dube,77.3,CJ Anderson,74.8,DJ Hooda,70.5
d92e42f5,KP Appanna,JD Ryder,85.5,RA Jadeja,80.4,SB Jakati,77.7
da934ee8,MK Lomror,KA Pollard,85.5,V Kohli,82.9,R Parag,76.0
db31895a,AS Rajpoot,Kartik Tyagi,86.4,A Mithun,84.9,BB Sran,79.5
db584dad,CH Gayle,YK Pathan,89.4,Yuvraj Singh,89.0,JP Duminy,88.7
dbc50253,AP Dole,VY Mahesh,90.9,VG Arora,77.4,Mujeeb Ur Rahman,75.8
dbe50b21,HH Pandya,SN Thakur,84.2,TU Deshpande,73.1,VG Arora,70.1
dc4686e6,BA Bhatt,MM Ali,72.5,GJ Maxwell,65.9,Azhar Mahmood,64.9
dc9dd038,Sachin Baby,MC Henriques,83.3,GJ Maxwell,69.6,V Shankar,66.4
dcce6f09,DA Warner,MR Marsh,61.2,SW Tait,56.1,KA Pollard,52.3
dcf81436,S Kaul,A Nortje,84.0,Avesh Khan,83.5,P Awana,83.2
dd09ff8e,B Lee,P Kumar,91.4,DS Kulkarni,85.0,DW Steyn,83.1
ddb00822,P Prasanth,R Shepherd,55.6,V Sehwag,51.1,CJ Anderson,50.6
ddc0828d,A Flintoff,JR Hopes,67.0,VRV Singh,62.7,PVD Chameera,57.2
dddca1d6,SB Wagh,C Green,59.0,V Shankar,54.1,MC Henriques,49.2
de4b0555,R Shukla,Anureet Singh,81.9,Basil Thampi,81.7,A Nortje,75.1
dec8e038,J Theron,Sandeep Sharma,89.3,T Natarajan,88.3,M Theekshana,87.6
ded9240e,PJ Cummins,TA Boult,94.9,M Prasidh Krishna,94.7,Mohammed Shami,94.1
df064e1a,Ravi Bishnoi,PWH de Silva,88.7,M Ashwin,84.1,Rashid Khan,83.2
dfc4d8b5,KW Richardson,P Awana,95.6,MJ McClenaghan,95.0,K Rabada,94.9
e0351c86,DNT Zoysa,BB Sran,74.3,JR Hopes,71.7,AB Agarkar,66.5
e03b66ec,Mohammad Asif,Avesh Khan,90.1,K Rabada,89.6,A Nortje,88.2
e0407c01,IC Pandey,UT Yadav,91.2,DS Kulkarni,88.8,P Kumar,88.1
e087956b,BA Stokes,BCJ Cutting,78.7,Shahbaz Ahmed,74.6,Lalit Yadav,71.3
e186f49c,Mashrafe Mortaza,Kartik Tyagi,85.6,BB Sran,74.8,Arshad Khan,68.0
e2db2409,M Ashwin,PV Tambe,94.1,Rashid Khan,93.9,SP Narine,91.2
e32d22f6,Pankaj Singh,Basil Thampi,70.5,Mukesh Choudhary,67.9,Navdeep Saini,65.9
e342e5fb,CR Brathwaite,AJ Tye,86.7,SN Thakur,86.3,MM Sharma,84.9
e38bce7a,MG Bracewell,JR Hazlewood,57.9,A Singh,57.1,Harshit Rana,56.6
e412cb64,HF Gurney,Sandeep Sharma,92.7,NT Ellis,90.7,M Theekshana,90.6
e4a0deae,MJ Santner,KH Pandya,88.2,P Negi,87.4,Kuldeep Yadav,87.2
e4cdf230,AS Roy,P Negi,89.1,MC Henriques,88.5,S Gopal,83.6
e62dd25d,K Rabada,Mohsin Khan,95.6,MJ McClenaghan,95.3,KW Richardson,94.9
e84ac20c,MJ Henry,JR Hopes,71.4,Azmatullah Omarzai,59.7,AB Agarkar,58.5
e86754b2,TK Curran,Yash Thakur,82.9,JO Holder,77.3,PVD Chameera,73.9
e938e1bc,P Kumar,DS Kulkarni,94.5,DW Steyn,94.4,B Lee,91.4
e94915e6,SM Curran,Yash Thakur,73.4,AS Joseph,71.5,S Kaul,70.3
e9c7f0d0,Fazalhaq Farooqi,Suyash Sharma,59.8,VRV Singh,58.3,BCJ Cutting,57.9
ea0cdc12,BAW Mendis,M Kartik,86.8,R Ashwin,84.9,S Nadeem,83.4
eaa76d3c,C Green,V Shankar,73.2,MC Henriques,67.5,MJ Santner,60.7
eade4650,DJ Mitchell,DJ Hooda,84.2,S Dube,81.7,C de Grandhomme,78.0
ed5a5510,P Dubey,R Tewatia,76.2,C Green,66.4,Mohammad Nabi,65.8
edb3d4f8,KC Cariappa,BA Stokes,76.0,Lalit Yadav,66.0,DT Christian,62.0
ee1b6c27,N Thushara,T Natarajan,86.9,M Pathirana,83.5,Sandeep Sharma,83.2
ee3dfa89,Sunny Gupta,S Dube,63.2,Shahbaz Ahmed,59.1,DJ Hooda,55.5
ee7d0c82,GD McGrath,IK Pathan,89.6,P Kumar,88.5,Harbhajan Singh,87.7
eef2536f,Avesh Khan,LH Ferguson,93.1,PJ Cummins,92.2,T Natarajan,91.1
ef5da05c,AG Murtaza,GJ Maxwell,83.3,MM Ali,83.3,BA Bhatt,83.0
efc04be7,Noor Ahmad,Imran Tahir,94.0,PP Chawla,92.7,GB Hogg,90.6
f088b960,SN Khan,S Dube,71.3,RG Sharma,65.2,JEC Franklin,63.6
f0f628c7,MM Patel,A Nehra,96.2,RJ Harris,95.8,DE Bollinger,94.6
f18ba07f,Ankit Soni,STR Binny,94.0,JP Duminy,91.7,SK Raina,90.0
f19ccfad,Washington Sundar,AD Mathews,84.5,KH Pandya,81.0,AR Patel,80.0
f233bbb4,ST Jayasuriya,Yuvraj Singh,90.0,SK Raina,86.2,KA Pollard,83.6
f24c6701,M Theekshana,M Ashwin,90.8,Sandeep Sharma,88.5,Rashid Khan,88.4
f24ca2ba,C Nanda,Bipul Sharma,87.4,M Kartik,78.4,P Negi,76.8
f29185a1,Abhishek Sharma,TM Dilshan,85.0,Y Venugopal Rao,83.4,LS Livingstone,80.5
f3171936,BW Hilfenhaus,M Morkel,97.6,MJ McClenaghan,96.5,MG Johnson,95.7
f5180fe6,MG Johnson,BW Hilfenhaus,95.7,MJ McClenaghan,94.4,M Morkel,94.3
f5f18a18,S Randiv,SK Warne,80.8,PP Ojha,80.3,R Sai Kishore,76.7
f62772e5,P Negi,RD Chahar,92.6,A Mishra,91.2,S Gopal,88.7
f6d8a7ab,K Kartikeya,Suyash Sharma,92.1,R Dhawan,82.2,Harpreet Brar,77.7
f708a0bc,GB Hogg,Imran Tahir,97.0,PP Ojha,96.3,CV Varun,95.6
f752db61,JL Pattinson,LH Ferguson,90.9,CH Morris,87.8,Naveen-ul-Haq,87.6
f834dcfc,L Ngidi,Naveen-ul-Haq,90.8,Avesh Khan,90.8,Arshdeep Singh,90.2
f842c2cf,MJ Clarke,AR Patel,87.2,A Symonds,85.9,Iqbal Abdulla,85.7
f846de6a,MN Samuels,Z Khan,88.8,IK Pathan,87.1,B Kumar,87.0
f986ca1a,HV Patel,DJ Bravo,92.5,Naveen-ul-Haq,89.2,M Pathirana,88.9
f9e6e7ef,Shahbaz Ahmed,DJ Hooda,84.9,LS Livingstone,83.2,Y Venugopal Rao,82.7
fa2f1dde,K Khejroliya,R Shepherd,63.5,Joginder Sharma,59.1,S Dube,58.0
fa463154,AB Agarkar,BB Sran,79.2,AS Rajpoot,71.2,AN Ahmed,65.4
facb9086,SD Chitnis,CR Brathwaite,79.0,SN Thakur,76.8,AJ Tye,76.0
fb24e76c,Monu Kumar,SW Tait,51.4,AS Rajpoot,51.4,A Mithun,50.7
fb2d1dda,N Rana,AK Markram,88.9,SC Ganguly,88.7,V Kohli,86.4
fb5f69e4,M Tiwari,Shahbaz Ahmed,67.8,LS Livingstone,67.2,DJ Hooda,62.6
fb66ce1f,CH Morris,RP Singh,95.0,LH Ferguson,94.5,S Aravind,94.2
fb693839,S Ladda,Shahbaz Ahmed,70.6,R Shepherd,65.7,BA Stokes,63.5
fcc21ace,A Kamboj,K Kartikeya,81.7,Ravi Bishnoi,75.5,IK Pathan,74.8
fd835ab3,DJ Hussey,V Kohli,88.2,LS Livingstone,82.0,JEC Franklin,77.2
fdcb08c2,A Uniyal,Akash Madhwal,72.5,AJ Tye,71.1,Basil Thampi,70.2
fdf7491e,IC Porel,RP Meredith,80.3,Shivam Mavi,76.9,Yash Thakur,75.1
fe763256,Y Venugopal Rao,TM Dilshan,88.1,AK Markram,87.8,SC Ganguly,84.2
fe93fd9d,RA Jadeja,R Bhatia,85.8,YK Pathan,79.8,SB Jakati,79.7
fef92afc,SC Kuggeleijn,VR Aaron,70.3,Navdeep Saini,69.4,NLTC Perera,65.7
ffe699c0,CJ Jordan,PVD Chameera,87.3,C Sakariya,81.8,Yash Dayal,80.1
fffa744b,Naman Dhir,TM Dilshan,82.9,C de Grandhomme,82.8,AM Nayar,80.8
